<?xml version="1.0" encoding="UTF-8"?>


<?xml-model href="gmschema.rnc" type="application/relax-ng-compact-syntax"?>
<xml>
    <source>
        <title level="book">Montage of a Dream Deferred</title>
        <altTitle>Harlem</altTitle>
        <author>Langston Hughes</author>
        <pubPlace where="NYC">New York</pubPlace>
        <publisher>Henry Holt and Company</publisher>
        <date when="1951"/>
        <note>Book length poem</note>
    </source>
    <text>
        <poem id="harlem">
            <title level="inner">Harlem</title>
            <lineGroup>
                <line n="1">What happens to <motif>a dream deferred?</motif></line>
            </lineGroup>
            <lineGroup>
                <line n="2">Does it dry up</line>
                <line n="3">like a raisin in the sun?</line>
                <line n="4">Or fester like a sore—</line>
                <line n="5">And then run?</line>
                <line n="6">Does it stink like rotten meat?</line>
                <line n="7">Or crust and sugar over—</line>
                <line n="8">like a syrupy sweet?</line>
            </lineGroup>
            <lineGroup>
                <line n="9">Maybe it just sags</line>
                <line n="10">like a heavy load.</line>
            </lineGroup>
            <lineGroup>
                <line n="11">
                    <emph>Or does it explode?</emph>
                </line>
            </lineGroup>
        </poem>
        <poem id="goodMorning">
            <title level="inner">Good Morning</title>
            <lineGroup>
                <line n="1">Good morning, daddy!</line>
                <line n="2">I was born here, he said,</line>
                <line n="3">watched <placeName ref="NYC-Harlem">Harlem</placeName> grow</line>
                <line n="4">until colored folks spread</line>
                <line n="5">from river to river</line>
                <line n="6">across the middle of <placeName ref="NYC-Man"
                    >Manhattan</placeName></line>
                <line n="7">out of <place type="trainStat" ref="NYC-PennSt">Penn
                    Station</place></line>
                <line n="8">dark tenth of a nation,</line>
                <line n="9">planes from <place ref="PR">Puerto Rico</place>,</line>
                <line n="10">and holds of boats, chico,</line>
                <line n="11">up from <place ref="Cuba">Cuba</place>
                    <place ref="Ha">Haiti</place>
                    <place ref="Ja">Jamaica</place>,</line>
                <line n="12">In buses marked <place ref="NYC">New York</place></line>
                <line n="13">from <place ref="Ga">Georgia</place>
                    <place ref="Fla">Florida</place>
                    <place ref="La">Louisiana</place></line>
                <line n="14">to <place ref="NYC-Harlem">Harlem</place>
                    <place ref="NYC-Brook">Brooklyn</place>
                    <place ref="NYC-Bronx">the Bronx</place></line>
                <line n="15">but most of all to <place ref="NYC-Harlem">Harlem</place></line>
                <line n="16">dusky sash across <place ref="NYC-Man">Manhattan</place></line>
                <line n="17">I've seen them come dark</line>
                <line n="18">wondering</line>
                <line n="19">wide-eyed</line>
                <line n="20">dreaming</line>
                <line n="21">out of <place ref="NYC-PennSt">Penn Station</place>—</line>
                <line n="22">but the trains are late.</line>
                <line n="23">The gates open—</line>
                <line n="24">Yet there're bars</line>
                <line n="25">at each gate.</line>
            </lineGroup>
            <lineGroup>
                <line n="26">What happens</line>
                <line n="27">to <motif>a dream deferred</motif>?</line>
            </lineGroup>
            <lineGroup>
                <line n="28">Daddy, ain't you heard?</line>
            </lineGroup>
        </poem>
    </text>
</xml>
